RPM,Throttle,Torque (Nm),Power (kW),Horsepower
1000,0.1,119.6627791084046,12.53105692517007,16.804421248719414
1000,0.2,123.09662467322448,12.890648391836736,17.286641265705693
1000,0.3,126.74070568078847,13.272255662585039,17.79838495720134
1000,0.4,129.92927656240687,13.606162024489798,18.246160687260023
1000,0.5,131.7513170661888,13.79696565986394,18.502032533007828
1000,0.6,136.51665376838784,14.29599055238095,19.17123582188675
1000,0.7,141.38710819195893,14.80602334693878,19.855200948020357
1000,0.8,145.87213097049911,15.275693834013603,20.485039337553445
1000,0.9,149.83156514217924,15.690324810884364,21.041068540813146
1000,1.0,152.7748613405962,15.99854606802721,21.454399983944224
1100,0.1,120.16649488383574,13.842186509605439,18.56267468097819
1100,0.2,123.65640323338741,14.244195092136058,19.101776977519187
1100,0.3,127.35654702568314,14.67042105915647,19.673355316020476
1100,0.4,130.62921208439914,15.047405011047616,20.178899035869136
1100,0.5,132.61944094237634,15.276662917551013,20.486338899759975
1100,0.6,137.35674625220943,15.82236131472108,21.21813237859874
1100,0.7,142.19916928341468,16.380168404136054,21.966163878417664
1100,0.8,146.68419206195486,16.896805939918362,22.658986106904063
1100,0.9,150.66464977790937,17.355321752925168,23.273865834685754
1100,1.0,153.60794597632642,17.694365135782313,23.728530422129964
1200,0.1,120.66066136268145,15.162665892571434,20.33346639744057
1200,0.2,124.2066324969648,15.608265767183678,20.931025569510094
1200,0.3,127.96283907399226,16.080284606693883,21.564013150990856
1200,0.4,131.31959830980597,16.502107412897963,22.129686754590267
1200,0.5,133.4780155219784,16.773342119183667,22.493418424545617
1200,0.6,138.18728943944566,17.365126932897958,23.287014795357326
1200,0.7,143.00168107828497,17.970121229061224,24.098325370874644
1200,0.8,147.4867038568252,18.533725813551015,24.854131438314354
1200,0.9,151.48818511705417,19.03656677877552,25.528452164108245
1200,1.0,154.43148131547113,19.406432287346938,26.024449895865548
1300,0.1,121.14527854494155,16.492195074068025,22.116394091548912
1300,0.2,124.74731246395672,16.9825604169796,22.773984735120823
1300,0.3,128.5595818257159,17.501546305197284,23.469956155554893
1300,0.4,132.0004352386273,17.969969230040828,24.0981215368658
1300,0.5,134.32704080499494,18.286703264761897,24.522868800807156
1300,0.6,139.00828333009636,18.923987406911568,25.37748076560489
1300,0.7,143.7946435765698,19.57558182171429,26.2512831188337
1300,0.8,148.27966635511004,20.18615345491157,27.070073025226723
1300,0.9,152.30217115961324,20.73375988843537,27.804425222522955
1300,1.0,155.24546735803037,21.134447522721096,28.341756098593397
1400,0.1,121.6203464306162,17.83047405409524,23.91105545674566
1400,0.2,125.27844313436314,18.366779041523824,24.63025216779378
1400,0.3,129.14677528085411,18.933906154666683,25.390782023154998
1400,0.4,132.67172287086305,19.450690462476203,26.083801076138126
1400,0.5,135.16651679142598,19.816446354285713,26.574287721987005
1400,0.6,139.8197279241615,20.498642736761905,27.48912798278383
1400,0.7,144.57805677826906,21.19625018209524,28.424634815737214
1400,0.8,149.06307955680933,21.85378886400001,29.306408561083558
1400,0.9,153.10660790558705,22.446601081904777,30.10138270337237
1400,1.0,156.04990410400404,22.87811084190477,30.680046723755893
1500,0.1,122.08586501970528,19.17720283265306,25.717048186473193
1500,0.2,125.80002450818391,19.76062164081633,26.499425560971336
1500,0.3,129.7244194394067,20.37706415510205,27.32608844723354
1500,0.4,133.33346120651325,20.94397111020408,28.086323065849644
1500,0.5,135.9964434812715,21.362271387755104,28.64727288152756
1500,0.6,140.62162322164113,22.088792922448985,29.621554140336574
1500,0.7,145.35192068338282,22.83182631020409,30.61797815502761
1500,0.8,149.83694346192306,23.536332040816333,31.562735739327255
1500,0.9,153.90149535497517,24.174790359183685,32.41892230009881
1500,1.0,156.84479155339218,24.637122244897963,33.03891946479544
1600,0.1,122.54183431220888,20.532081409741494,27.53396997417392
1600,0.2,126.31205658541928,21.16378821485715,28.381102608095947
1600,0.3,130.29251430137379,21.83072030650341,29.275473121232945
1600,0.4,133.98565024557794,22.449511173224487,30.105285199442786
1600,0.5,136.81682087453146,22.92387836517006,30.74142197287121
1600,0.6,141.4139692225352,23.694137963972786,31.77435693170549
1600,0.7,146.11623529191098,24.48201020604081,32.83091083014725
1600,0.8,150.60125807045125,25.233482985360546,33.83865225340022
1600,0.9,154.68683350777778,25.91802772027211,34.75664170614471
1600,1.0,157.63012970619477,26.411181731700676,35.41797201515445
1700,0.1,122.98825430812698,21.894809785360547,29.361418513290257
1700,0.2,126.8145393660692,22.575978763646276,30.274881002609995
1700,0.3,130.85105986675538,23.29457460887076,31.238533738595628
1700,0.4,134.62828998805725,23.96701065153743,32.14028517035997
1700,0.5,137.62764897120599,24.500967286530614,32.85633268946039
1700,0.6,142.19676592684385,25.314377861333334,33.94713405033302
1700,0.7,146.8710006038538,26.14650186960545,35.06303053453862
1700,0.8,151.35602338239408,26.94494169763267,36.1337557967449
1700,0.9,155.46262236399497,27.676013165170083,37.1141386149525
1700,1.0,158.40591856241198,28.199989302312936,37.81680206827536
1800,0.1,123.42512500745951,23.2650879595102,31.198991497264583
1800,0.2,127.30747285013345,23.996893287183678,32.180358437955846
1800,0.3,131.40005613555144,24.768327062204087,33.21486799276396
1800,0.4,135.26138043395088,25.496169545142855,34.190920672043525
1800,0.5,138.42892777129492,26.093238151836733,34.99160272473747
1800,0.6,142.97001333456694,26.949212614530616,36.13948318966155
1800,0.7,147.61621661921095,27.825001300897956,37.31393496164403
1800,0.8,152.10123939775121,28.670408177632655,38.44764406280361
1800,0.9,156.22886192362654,29.448446693877564,39.49101071996454
1800,1.0,159.17215812204353,30.003244956734697,40.2350073176005
1900,0.1,123.8524464102066,24.642615932190477,33.04628661953933
1900,0.2,127.79085703761223,25.426231785469387,34.09713260757595
1900,0.3,131.93950310776196,26.251677666503404,35.204073577180374
1900,0.4,135.88492158325906,27.03668785404081,36.25678939793591
1900,0.5,139.22065727479838,27.700390961088438,37.146829772144876
1900,0.6,143.7337114457045,28.59834222356463,38.35100204313347
1900,0.7,148.35188333798266,29.517208499918365,39.583221804905946
1900,0.8,152.83690611652293,30.40958242536055,40.779914745018836
1900,0.9,156.9855521866726,31.235028306394558,41.886855714623245
1900,1.0,159.92884838508968,31.820648694965996,42.672185456572336
2000,0.1,124.27021851636812,26.027093703401356,34.90290157355686
2000,0.2,128.2646919285056,26.86369425850342,36.02480120491272
2000,0.3,132.46940078338707,27.74432642176872,37.20574818528727
2000,0.4,136.49891343598176,28.588265578231294,38.337489041479536
2000,0.5,140.00283748171634,29.32212571428572,39.32161152512501
2000,0.6,144.48786026025655,30.261466688435377,40.5812883041912
2000,0.7,149.07800076016892,31.222823466666682,41.87048875776677
2000,0.8,153.5630235387091,32.16216444081633,43.13016553683295
2000,0.9,157.73269315313325,33.03545800272111,44.30127129237106
2000,1.0,160.67598935155024,33.65190051700681,45.12793417863323
2100,0.1,125.34217962156232,27.564184947882275,36.96417453115498
2100,0.2,129.41307027168213,28.45942055908114,38.164705054420196
2100,0.3,133.69525282405715,29.401121686432163,39.42754685051919
2100,0.4,137.82953104485352,30.31029695247667,40.64677075563453
2100,0.5,141.52009627091365,31.121894634601585,41.73514098779882
2100,0.6,145.99948459872707,32.106963577028,43.056139971876085
2100,0.7,150.5845188776682,33.11526527753051,44.40829459237027
2100,0.8,155.0920794591157,34.10652962211056,45.737601746158724
2100,0.9,159.30383137740566,35.03274224407753,46.97967311797979
2100,1.0,162.26191800898053,35.68325947020818,47.852030937653446
2200,0.1,126.41787898742473,29.12458852668178,39.05670983865063
2200,0.2,130.56595876681962,30.08023750385488,40.3382560062423
2200,0.3,134.92639757928927,31.084810490098263,41.685410339410296
2200,0.4,139.16649960634987,32.061659871201805,42.99538671208503
2200,0.5,143.04559127718332,32.95533843688587,44.19382920327996
2200,0.6,147.51928824062622,33.986004227966745,45.5759745580887
2200,0.7,152.09916472060655,35.041132023582776,46.99092399568563
2200,0.8,156.62949075953608,36.08484421708239,48.39056486131472
2200,0.9,160.88375005546834,37.06495519879062,49.70491511169455
2200,1.0,163.85677651851583,37.74989132577475,50.62342942976364
2300,0.1,127.49751896254314,30.708470617479897,41.18073034394514
2300,0.2,131.72357151719555,31.72633835136573,42.54571322430699
2300,0.3,136.1630610695577,32.795613546558926,43.97963463398005
2300,0.4,140.5100612562457,33.84261217518562,45.38368268095161
2300,0.5,144.579593345911,34.82278110411272,46.69811063981859
2300,0.6,149.04754116463442,35.898910627480234,48.1412238533998
2300,0.7,153.6222074822128,37.00074388150145,49.61880633163664
2300,0.8,158.17553010002013,38.0974363893919,51.08949495694233
2300,0.9,162.47272832057578,39.13243994371352,52.47745734707458
2300,1.0,165.4608462885119,39.85214440201666,53.44259675743148
2400,0.1,128.58130602506796,32.31600691178676,43.33647165319399
2400,0.2,132.88612699554187,33.397926426655566,44.787349371939875
2400,0.3,137.40547392799948,34.53376219641816,46.310529967035215
2400,0.4,141.86046307186203,35.65342308971263,47.812019699225736
2400,0.5,146.12237884993914,36.72455935360267,49.248436842701715
2400,0.6,150.5845188592011,37.846017455393586,50.75233667077053
2400,0.7,155.15392184945495,38.9944336846314,52.292387937014084
2400,0.8,159.73047570510832,40.1446471223657,53.834849299135975
2400,0.9,164.07105100257945,41.23555267971679,55.29777749727342
2400,1.0,167.07441447035188,41.9903802482299,56.31001776616588
2500,0.1,129.6694508885992,33.94738285888713,45.524182457941706
2500,0.2,134.05384815608247,35.09521537938252,47.06345095800257
2500,0.3,138.65387151868782,36.29949867957439,48.678421187574614
2500,0.4,143.21795719877284,37.494373516483506,50.280774462228116
2500,0.5,147.67422983129683,38.6610229635444,51.84527687212605
2500,0.6,152.1305024638208,39.827672410605274,53.40977928202396
2500,0.7,156.69458814390578,41.02254724751438,55.01213255667746
2500,0.8,161.29461150651122,42.22683054770628,56.62710278624953
2500,0.9,165.6790087739944,43.37466306820165,58.16637128631037
2500,1.0,168.69777410570418,44.16497398395256,59.22619549946702
2600,0.1,130.30701971468466,35.478869906725585,47.57794006534208
2600,0.2,134.8007119960185,36.70237363046498,49.21868530302398
2600,0.3,139.54004018983676,37.99275697897469,50.9491175794216
2600,0.4,144.17099959873542,39.25363461067396,52.639982044621114
2600,0.5,148.76583607932758,40.50467700343645,54.31765723942127
2600,0.6,153.30287587462922,41.7399830139,55.97422960158241
2600,0.7,157.94828445485052,43.004794741174,57.67036977494166
2600,0.8,162.57201927808785,44.263705325085915,59.3585963860613
2600,0.9,166.90677067487286,45.44393399750333,60.94130883398596
2600,1.0,169.96999499526765,46.27796225934499,62.05975896385274
2700,0.1,130.94466434648447,37.02373159839273,49.64963336246845
2700,0.2,135.54878423248596,38.32551582730254,51.39535446869054
2700,0.3,140.42886083089755,39.70532497844981,53.24570870115302
2700,0.4,145.12738696061842,41.03380194391458,55.02722535056266
2700,0.5,149.8622231840773,42.372545346515814,56.82250951658282
2700,0.6,154.48086710757406,43.67843615028021,58.57373762944912
2700,0.7,159.20844131228534,45.01512626545416,60.36626829214718
2700,0.8,163.85613331077263,46.329230218927776,62.128510418301964
2700,0.9,168.14072437187815,47.54066980103627,63.75307737835091
2700,1.0,171.24886839586648,48.41947681992175,64.9315768002169
2800,0.1,131.75043153674702,38.63124419682541,51.80534289503206
2800,0.2,136.48072899848867,40.01823985396827,53.66533438912199
2800,0.3,141.5030201307082,41.49085252698414,55.64014017297055
2800,0.4,146.34281521887908,42.90995456507938,57.543187025719966
2800,0.5,151.21910951585966,44.33975873015875,59.46058566468921
2800,0.6,155.94940697760134,45.726754387301604,61.32057715877914
2800,0.7,160.74540301520054,47.13301387301589,63.20640186806476
2800,0.8,165.4173017428466,48.502886126984144,65.04343050420295
2800,0.9,169.70230885710944,49.759315834920635,66.72833020641093
2800,1.0,172.8266411312228,50.675417904761915,67.95684310682837
2900,0.1,132.7271119428812,40.30753691515475,54.05328807181809
2900,0.2,137.5995843331802,41.78724485021904,56.03760875716647
2900,0.3,142.76557915662974,43.356091817516145,58.14146683319852
2900,0.4,147.8215030676477,44.891511647725906,60.20049838772416
2900,0.5,152.840736674522,46.4157890989066,62.24458776841437
2900,0.6,157.71320906482092,47.895497033970884,64.22890845376274
2900,0.7,162.56366727263358,49.36851954161771,66.20426383480985
2900,0.8,167.26002620304217,50.794744057342314,68.11686208574804
2900,0.9,171.5968201528414,52.11177325858176,69.88302703309878
2900,1.0,174.7081579442371,53.05664700024931,71.15012337434533
3000,0.1,133.70789128234313,42.00557289795919,56.33039144154377
3000,0.2,138.72403517939472,43.58144097959185,58.443664985371925
3000,0.3,144.03524636450814,45.250007183673475,60.681248737660546
3000,0.4,149.30957413861387,46.90698612244899,62.903293713891635
3000,0.5,154.47325167969638,48.52920326530612,65.07872236195001
3000,0.6,159.48939557674797,50.10507134693879,67.19199590577819
3000,0.7,164.39488924077634,51.646177632653064,69.25865312143364
3000,0.8,169.11596584976607,53.12934759183674,71.24761645680131
3000,0.9,173.50509175968622,54.50823216326532,73.09673080765096
3000,1.0,176.60329828433575,55.48156244897961,74.401987996486
3100,0.1,134.16463039854048,43.554030447269945,58.406906862370846
3100,0.2,139.31506574348504,45.226022664324866,60.649084972944706
3100,0.3,144.820703526012,47.01332468945256,63.0458960566616
3100,0.4,150.17094024209666,48.75017867354841,65.37505521462842
3100,0.5,155.46937660270058,50.47021664396699,67.68166373067854
3100,0.6,160.6198119476452,52.142208861021935,69.92384184125243
3100,0.7,165.61484622614745,53.76375303704504,72.09836802607622
3100,0.8,170.43967933664146,55.330044596699935,74.1987992446023
3100,0.9,174.93151016190205,56.78823321128664,76.1542620508068
3100,1.0,178.03953149074792,57.79719403192324,77.50730056580828
3200,0.1,134.61687788220937,45.110548757753946,60.494231940128664
3200,0.2,139.90245822238523,46.881763730197164,62.869469934554324
3200,0.3,145.60375836459744,48.79228774541682,65.43152440045168
3200,0.4,151.03038649474982,50.61076828594487,67.87014655484091
3200,0.5,156.46443819279585,52.43173648795111,70.31210471764933
3200,0.6,161.7500185329717,54.202951460394324,72.687342712075
3200,0.7,166.83516254002294,55.90699957292748,74.97250847918396
3200,0.8,171.76441162131047,57.55880679441944,77.187618069491
3200,0.9,176.35960014739038,59.09866924939467,79.25260728093693
3200,1.0,179.47749866266267,60.143487070217915,80.65373081697454
3300,0.1,134.93807911211883,46.63125258309659,62.533529010455396
3300,0.2,140.35966615844137,48.50481856700428,65.0460219485105
3300,0.3,146.1685094223584,50.51221069261968,67.73797866785527
3300,0.4,151.73904116775574,52.43724826949187,70.31949613717562
3300,0.5,157.3095729131531,54.36228584636407,72.901013606496
3300,0.6,162.73115995947563,56.23585183027176,75.41350654455111
3300,0.7,167.9516716620472,58.03993116367738,77.83281636539812
3300,0.8,173.00089696068278,59.78481816517384,80.17274797529011
3300,0.9,177.67776051163136,61.40102618425905,82.34011825701897
3300,1.0,180.80559919220204,62.481929636513485,83.78963341358923
3400,0.1,135.12706833921268,48.1116099221676,64.5187205607719
3400,0.2,140.6855320706125,50.09068518886619,67.17270375334074
3400,0.3,146.5129537244994,52.16552216201791,69.95510548748545
3400,0.4,152.29554905797178,54.224398850760785,72.71610413136756
3400,0.5,158.00343385742,56.25667506548889,75.44143095814522
3400,0.6,163.56189758881976,58.23575033218744,78.09541415071402
3400,0.7,168.96346919876885,60.158964603455054,80.67448652736361
3400,0.8,174.14838026004765,62.00503750007977,83.15011063441031
3400,0.9,178.88502811718138,63.691507552615924,85.41170383883052
3400,1.0,182.02287054619742,64.8087274612361,86.90992015721616
3500,0.1,135.3100802727946,49.593734649859954,66.50628221786233
3500,0.2,141.00629904233102,51.681507871148476,69.30603174352753
3500,0.3,146.8524183058026,53.82422249299721,72.17945888828913
3500,0.4,152.84843806320933,56.02187851540618,75.12656365214721
3500,0.5,158.6945573266809,58.16459313725491,77.99999079690882
3500,0.6,164.39077609621725,60.25236635854342,80.79974032257398
3500,0.7,169.97456949530226,62.298933529411755,83.5442316339168
3500,0.8,175.29603703000078,64.24935324929972,86.15978711184084
3500,0.9,180.09285283592615,66.0074780672269,88.5174709229273
3500,1.0,183.24076320856472,67.1612474789916,90.0647009239528
3600,0.1,135.24653659644903,50.986743095384085,68.37433699260303
3600,0.2,140.93101423287678,53.129740677235716,71.24814359291365
3600,0.3,147.15687069182147,55.47683326688273,74.39564605992051
3600,0.4,153.1120377395076,57.72187835263203,77.40630059357923
3600,0.5,159.15743459094668,60.000939273013934,80.4625711050207
3600,0.6,164.9922952336291,62.2006299125865,83.41240433496915
3600,0.7,170.71436862162054,64.35780075886835,86.30521759268922
3600,0.8,176.14319514741533,66.40442014259439,89.04977892261552
3600,0.9,181.00056624944224,68.23560590698085,91.50543905991799
3600,1.0,184.1586093807909,69.4261601191206,93.10199828231272
3700,0.1,135.175531047643,52.375529485072825,70.23672989817999
3700,0.2,140.84819172017777,54.57347614014046,73.18422440678617
3700,0.3,147.4562379291411,57.13385016918199,76.61774194606677
3700,0.4,153.3702884175284,59.42532646914611,79.6906617529115
3700,0.5,159.61624990271292,61.8454060308429,82.93604134483425
3700,0.6,165.59064784506333,64.16026474203115,86.04031747623861
3700,0.7,171.4518943112329,66.43128143217416,89.08580049909368
3700,0.8,176.98877321235068,68.57661766198753,91.9627432774407
3700,0.9,181.90709071034615,70.48228417675358,94.51828372905133
3700,1.0,185.07533204341073,71.70986076602007,96.16449076843243
3800,0.1,134.99870159789714,53.72071769665449,72.04065669391777
3800,0.2,140.69730809128407,55.98839306739546,75.08165893441794
3800,0.3,147.41757710340562,58.66262378348836,78.6678607797886
3800,0.4,153.44160202868576,61.0597945605266,81.88251919072897
3800,0.5,159.91969918451466,63.637656602165706,85.33948853716736
3800,0.6,166.0345385559046,66.07096563212414,88.60260913520739
3800,0.7,172.0585634811847,68.46813640916237,91.81726754614773
3800,0.8,177.71933062202584,70.72075417451993,94.83807720868971
3800,0.9,182.7141251580622,72.70835808512952,97.5034974991679
3800,1.0,185.9153343834309,73.98223150056567,99.21178959442895
3900,0.1,134.71510949158926,55.01859977982178,73.78114493740348
3900,0.2,140.47779280840948,57.37212024432307,76.93726732509464
3900,0.3,147.0376852797305,60.05122654383443,80.53000743440315
3900,0.4,153.32424889807987,62.61870341419949,83.97305003915714
3900,0.5,160.0663606047154,65.37222933314172,87.66558848483535
3900,0.6,166.3225543505123,67.92730293360161,91.09199803352769
3900,0.7,172.53319328748063,70.4637716292038,94.49345799812767
3900,0.8,178.33383894499133,72.83279618108651,97.6703717058958
3900,0.9,183.42079259752038,74.91034389019832,100.45640859621605
3900,1.0,186.67796142876662,76.24059458752515,102.24030385882412
4000,0.1,134.42282766888178,56.3069023839101,75.50878689004975
4000,0.2,140.25000570146207,58.74778501035198,78.7820638465227
4000,0.3,146.64847569802086,61.42796985507248,82.37625030853222
4000,0.4,153.1992902183072,64.17196862466727,86.05601263868482
4000,0.5,160.20713830977635,67.10740916888497,89.99250257326669
4000,0.6,166.60560830633509,69.78759401360546,93.58668903527618
4000,0.7,173.00407830289382,72.46777885832594,97.18087549728568
4000,0.8,178.94551472826987,74.95652192842357,100.51833435486598
4000,0.9,184.12522853500792,77.12619537414969,103.42791387173082
4000,1.0,187.43872192608293,78.51414824016562,105.28918900384286
4100,0.1,133.77699398691294,57.43728560891026,77.02465550343335
4100,0.2,139.61686739647052,59.94464107376285,80.387073989222
4100,0.3,146.02927741480823,62.697815701836284,84.0791413461664
4100,0.4,152.6554344337573,65.54276281751221,87.89427761500899
4100,0.5,159.92283245454013,68.66302739599547,92.07862061954602
4100,0.6,166.45738361608426,71.468643445556,95.84101306900361
4100,0.7,173.03773770633086,74.29392502817423,99.62977742815372
4100,0.8,179.1447948666526,76.91599610252992,103.14603205381508
4100,0.9,184.39686402452918,79.17097722647576,106.17001103188382
4100,1.0,187.67177342675166,80.57706284009899,108.05560257489472
4200,0.1,133.12068812326103,58.54953661883969,78.51620842006126
4200,0.2,138.9733123481233,61.12365519650653,81.96815769948576
4200,0.3,145.39972326169766,63.95013834061137,85.75853337885391
4200,0.4,152.10155178585376,66.89775647660639,89.71135373019496
4200,0.5,159.62963314175505,70.20877958827201,94.15150809745475
4200,0.6,166.30085970917983,73.14293828072367,98.0862790407988
4200,0.7,173.06389214679854,76.1174753038054,102.07519820813383
4200,0.8,179.33729327671628,78.87666123019342,105.775326847517
4200,0.9,184.66203374796356,81.21860440673738,108.91592383899341
4200,1.0,187.89819067229922,82.64194056144733,110.82464873467522
4300,0.1,132.1242131356463,59.494865553253234,79.78391518473009
4300,0.2,137.88996998989663,62.091156730436595,83.26559840476946
4300,0.3,144.269105232897,64.96364909668202,87.11767345672793
4300,0.4,151.38429454239738,68.16758288980189,91.41421870698926
4300,0.5,159.17420007952273,71.67533799089,96.11819497236152
4300,0.6,165.98270019464812,74.74117118947886,100.22954430666334
4300,0.7,172.92921044724227,77.86914965560668,104.42423180314692
4300,0.8,179.36968352911757,80.76926214075826,108.31334603829725
4300,0.9,184.78274780983662,83.20673763423095,111.58205395498315
4300,1.0,188.00298435077434,84.65679387680676,113.52661107255834
4400,0.1,130.78539389362552,60.26158345578234,80.81210065144474
4400,0.2,136.364009808545,62.83202514285714,84.25911914021341
4400,0.3,142.63418967985947,65.72111662585036,88.13345397056503
4400,0.4,150.5026506948424,69.3466431927438,92.99536434590826
4400,0.5,158.55552876486388,73.05714303854874,97.97122574567352
4400,0.6,165.50190450465345,76.25780321088436,102.2633809989062
4400,0.7,172.63269729948172,79.54343666213153,106.66948727656099
4400,0.8,179.2409751050337,82.58831248979592,110.75273231835311
4400,0.9,184.75811866827365,85.13042975056688,114.16176713231444
4400,1.0,187.98541713145028,86.61746213151929,116.15591005970134
4500,0.1,129.43317621938127,60.99394733124019,81.79421661692395
4500,0.2,134.82382859743447,63.53423241758243,85.2007944449275
4500,0.3,140.98457417235232,66.4374153734021,89.09402624836007
4500,0.4,149.6096179772374,70.50187151154968,94.54455077316571
4500,0.5,157.9266245033766,74.42116850190625,99.80041370779972
4500,0.6,165.01148191453217,77.75982890109889,104.27763028174718
4500,0.7,172.32736728474717,81.20735866113478,108.90084304832341
4500,0.8,179.10418741715688,84.40085991253643,113.18339803209926
4500,0.9,184.72586775426953,87.05001435972191,116.73597205273154
4500,1.0,187.96025918110143,88.57418541152727,118.77991874953368
4600,0.1,128.49973676303304,61.89972044712159,83.00887816430412
4600,0.2,133.9022628247384,64.50217599568465,86.49882794110856
4600,0.3,140.0765783238301,67.4764109083281,90.48734197174213
4600,0.4,148.921285276279,71.73700242068989,96.20088832062477
4600,0.5,157.2874827775483,75.76709072732177,101.60532483213326
4600,0.6,164.604046643972,79.2915590988043,106.33171395843408
4600,0.7,172.03637892600372,82.87179437489888,111.13288772280927
4600,0.8,178.8589975525001,86.15832395336994,115.54019572665942
4600,0.9,184.50849623416903,88.87974889843869,119.18968606468913
4600,1.0,187.81175502618305,90.47096457670293,121.32354107107808
4700,0.1,127.55475595721285,62.78026319848027,84.18970524135747
4700,0.2,132.96920812501463,65.44516369254104,87.76339505503694
4700,0.3,139.15715345964517,68.49076425718191,91.84761198495627
4700,0.4,148.22249337487904,72.95256908438081,97.83098978728819
4700,0.5,156.6380990299766,77.09458585229237,103.3855248119785
4700,0.6,164.18739233822586,80.81021854115421,108.3682694664801
4700,0.7,171.73668564647514,84.52585123001604,113.35101412098169
4700,0.8,178.60530496791512,87.90646785676746,117.88449491319224
4700,0.9,184.2827448124387,90.70080637482546,121.63176394639326
4700,1.0,187.6551750198123,92.36065868255471,123.85766217319929
4800,0.1,126.59822058033073,63.63520635723315,85.33620270515375
4800,0.2,132.02465162460993,66.3628281018602,88.99400308684484
4800,0.3,138.22628710378615,69.48011009571971,93.17434638020612
4800,0.4,147.51323623385258,74.14823988152432,99.43441046201464
4800,0.5,155.9784686629281,78.4033298031425,105.14057905745271
4800,0.6,163.76152118929423,82.31551870543616,110.3869098906211
4800,0.7,171.4282930504258,86.16925857034492,115.55485928703892
4800,0.8,178.34311660970735,89.64502799349832,120.2159420591368
4800,0.9,184.04862125054944,92.51292742784904,124.06185788902914
4800,1.0,187.49052894149224,94.24301893444104,126.38194841684464
4900,0.1,125.63011729353215,64.46418008130081,86.44787458938019
4900,0.2,131.06858033569222,67.2548012195122,90.19015853494997
4900,0.3,137.28396666958943,70.4440825203252,94.467054472744
4900,0.4,146.79350776045223,75.32368291056912,101.01070525756887
4900,0.5,155.3085870378914,79.69299829268294,106.8700526923467
4900,0.6,163.32643540861878,83.8071711707317,112.38724845210098
4900,0.7,171.1112067918251,87.80174600000001,117.74406061418803
4900,0.8,178.07243948579,91.37374105691057,122.53418406451732
4900,0.9,183.80613337881016,94.31585305691056,126.47962056713229
4900,1.0,187.31782665746212,96.11779699186994,128.89606677198597
5000,0.1,124.65043263939478,65.26681390778532,87.52422409519286
5000,0.2,130.10098115498192,68.12071443688589,91.3513670871475
5000,0.3,136.33017945851,71.38231504157218,95.72524479223841
5000,0.4,146.0633018077727,76.47856598639457,102.55942870644303
5000,0.5,154.62844947512383,80.96326681783825,108.57351055094306
5000,0.6,162.88213722729853,85.2848876190476,114.36889851018854
5000,0.7,170.78543257489986,89.42304338624339,119.9182558485227
5000,0.8,177.793280666369,93.09234406651551,124.83886826675004
5000,0.9,183.55528909713243,96.10932462585032,128.8847051439591
5000,1.0,187.13707812166112,97.98474497354496,131.3996848243864
5100,0.1,123.65915304060859,66.042736746057,88.56475358194584
5100,0.2,129.12184086246646,68.96019853415756,92.47713361158314
5100,0.3,135.36491265887548,72.29444057770101,96.94842507402575
5100,0.4,145.32261217414788,77.61255663715286,104.08013495662179
5100,0.5,153.9380512531923,82.21381065724285,110.2505171747926
5100,0.6,162.42862889630854,86.74837983646198,116.33147356371458
5100,0.7,170.45097615469413,91.03288086241533,122.07708309295337
5100,0.8,177.50564728463632,94.80057437161946,127.12964244551354
5100,0.9,183.29609637580575,97.89308386700606,131.27676527692913
5100,1.0,186.948293376705,99.843615462479,133.89247078245808
5200,0.1,122.65626479863734,66.79157687074832,89.56896455779578
5200,0.2,128.13114612009758,69.77288367346941,93.56696214760547
5200,0.3,134.3881533446236,73.1800914480078,98.13610225024514
5200,0.4,144.57143260253963,78.725322101069,105.57237776729113
5200,0.5,153.23738760850816,83.44430486880468,111.90063680944706
5200,0.6,161.9659126867219,88.19735971428572,118.27458725262936
5200,0.7,170.10784333763638,92.63098883090379,124.2201808111892
5200,0.8,177.20954653747344,96.4981696550049,129.40615482768524
5200,0.9,183.0285632562825,99.66687288532552,133.65545512314003
5200,1.0,186.75148255487554,101.69416151117589,136.37409348421065
5300,0.1,121.6417540923629,67.512961914654,90.53635767018105
5300,0.2,127.1288834704707,70.5583993920163,94.62035589649497
5300,0.3,133.39988847402253,74.0388993661447,99.28778244085383
5300,0.4,143.80975677991853,79.81652932319776,107.0357105044894
5300,0.5,152.52645373485547,84.65442428723615,113.52343340114811
5300,0.6,161.49399088993457,89.63153925023971,120.19785335958122
5300,0.7,169.75603998211398,94.21709796615379,126.34718783177388
5300,0.8,176.90498568616306,98.18486793666014,131.66805409234294
5300,0.9,182.75269785197506,101.43043416253481,136.02042934495748
5300,1.0,186.54665587912385,103.53613664688243,138.84422240429453
5400,0.1,120.615606976711,68.20651886153564,91.46643269617225
5400,0.2,126.1150393354873,71.31637459503983,95.63681721206896
5400,0.3,132.4001048883744,74.8704954333303,100.40297094452232
5400,0.4,143.03757833663576,80.8858449521369,108.46968613669961
5400,0.5,151.8052447829133,85.84384352155213,115.11847059347207
5400,0.6,161.0128658178929,91.05063054964765,122.10088581151622
5400,0.7,169.39557199905607,95.79093921771758,128.4577433521759
5400,0.8,176.59197205711178,99.86040757756014,133.91498937583495
5400,0.9,182.4685083490613,103.18351056136177,138.3713431156789
5400,1.0,186.33382366408674,105.36929487691036,141.30252766113765
5500,0.1,119.57780938125836,68.87187403882902,92.3586885326928
5500,0.2,125.08960001499813,72.04643754872737,96.61584759115912
5500,0.3,131.3887893107008,75.67451013146837,101.48117222940641
5500,0.4,142.25489084578768,81.93293533669649,109.87385723038284
5500,0.5,151.07375585977132,87.01223695253385,116.68531172392899
5500,0.6,160.52253980332515,92.45434582664525,123.98329868129979
5500,0.7,169.0264453525237,97.3522438133456,130.55148694293362
5500,0.8,176.27051304258168,101.5245272834977,136.14661027691793
5500,0.9,182.17600300730277,104.9258453298173,140.70785212527466
5500,1.0,186.11299631711688,107.19339069403041,143.74868002417918
5600,0.1,118.52834710882101,69.50865311025312,93.21262318660736
5600,0.2,124.05255168542959,72.74821587301588,97.55694766396121
5600,0.3,130.3659283444108,76.45057331617335,102.52188992379422
5600,0.4,141.46168782257027,82.95746652252257,111.24777594545066
5600,0.5,150.33198202843883,88.15927873015876,118.22351982051597
5600,0.6,160.02301519997496,93.84239740540545,125.8447061893596
5600,0.7,168.64866606030802,98.9007432621193,132.62805855185636
5600,0.8,175.94061610143132,103.17696610896616,138.36256686196344
5600,0.9,181.87519016087356,106.6571821055341,143.02961258620638
5600,1.0,185.88418433932665,109.0081790819391,146.18235092120034
5700,0.1,117.46720583402383,70.11648106831898,94.0277337646761
5700,0.2,123.00388039839005,73.42133653429775,98.45961718425337
5700,0.3,129.33150847195134,77.19831420970199,103.52462680662731
5700,0.4,140.657962723626,83.95910424867557,112.59099403067664
5700,0.5,149.57991830734738,89.28464277099555,119.73265759822387
5700,0.6,159.5142943828386,95.21449772138024,127.68472270535098
5700,0.7,168.2622401945371,100.43616935762661,134.68709850828296
5700,0.8,175.60228875986817,104.81746346109551,140.5625096702367
5700,0.9,181.56607821919968,108.377264920164,145.3362812393241
5700,1.0,185.64739832664674,110.81341552079977,148.60321244575533
5800,0.1,116.39437110185023,70.69498222673684,94.80351646337246
5800,0.2,121.94357207925793,74.06542583802754,99.32335501948175
5800,0.3,128.28551605343816,77.91736139378833,104.48888479789234
5800,0.4,139.84370894638158,84.93751394416232,113.90306281904562
5800,0.5,148.8175596698465,90.38800275556375,121.21228745549651
5800,0.6,158.9963797484057,96.57035932255977,129.50296274984547
5800,0.7,167.86717388229027,101.95825418118015,136.72824752739726
5800,0.8,175.25553861221027,106.44575910364146,142.74608971924562
5800,0.9,181.24867566781046,110.08583820383534,147.62751535984353
5800,1.0,185.4026489708985,112.60885599285864,151.01093736470247
5900,0.1,115.30982832617235,71.24378021271997,95.53946655856238
5900,0.2,120.87161252575106,74.6801094212288,100.14765914071181
5900,0.3,127.22793732526966,78.6073428023818,105.41416494888266
5900,0.4,139.01891982837637,85.89236072442041,115.1835332230393
5900,0.5,148.04490104369256,91.4690321256575,122.66197147064169
5900,0.6,158.46927371490284,97.90969487074828,131.29904099604167
5900,0.7,167.46347330622152,103.46673010507966,138.75114671460327
5900,0.8,174.90037332165818,108.06159316102861,144.91295851016307
5900,0.9,180.92299106920186,111.78264678967093,149.90297276340476
5900,1.0,185.14994706088163,114.39425698813763,153.4051991258383
6000,0.1,114.21356278826133,71.76249795918368,96.23507839504315
6000,0.2,119.78798740647542,75.26501224489797,100.93202661244194
6000,0.3,126.15875839872007,79.26788571428571,106.29996743232628
6000,0.4,138.18358864658182,86.82330938775509,116.43195572985796
6000,0.5,147.26193731053047,92.52740408163262,124.08127139819314
6000,0.6,157.93297872254027,99.23221714285714,133.07257227149944
6000,0.7,167.05114470519044,104.96132979591836,140.7554375699589
6000,0.8,174.5368006210779,109.66470612244896,147.06276803332298
6000,0.9,180.5890330637103,113.46743591836731,152.1623118122131
6000,1.0,184.8893034834754,116.16937551020402,155.78567186563498
6100,0.1,112.79173748787956,72.05029108843534,96.62101527214074
6100,0.2,118.36616210609368,75.61118061224491,101.39624595982956
6100,0.3,124.73693309833841,79.68076863945582,106.85365246004535
6100,0.4,136.9688134034481,87.4943776517007,117.33187294045958
6100,0.5,146.079015922358,93.31388853061229,125.1359642357681
6100,0.6,156.9730343190963,100.27288405714285,134.46812935113698
6100,0.7,166.19472533037043,106.1636127265306,142.36772526019928
6100,0.8,173.7122351012191,110.96572659863943,148.80746493045385
6100,0.9,179.7803944713321,114.84200919455779,154.0056446219093
6100,1.0,184.1443726010197,117.62967699319725,157.74396807455713
6200,0.1,111.36036289091234,72.30210557823129,96.95870400728347
6200,0.2,116.93478750912638,75.92137034013602,101.8122171652622
6200,0.3,123.30555850137105,80.05767292517004,107.35908934580937
6200,0.4,135.74448886372878,88.13380372244897,118.18935727832769
6200,0.5,144.88654523759985,94.06939793197276,126.14911885741284
6200,0.6,156.00354061906677,101.28724594285711,135.82841081246764
6200,0.7,165.32875665896486,107.34175885170065,143.94764496674352
6200,0.8,172.87812028477475,112.24327741496592,150.52068850069185
6200,0.9,178.96220658236845,116.19344638367343,155.81795143311442
6200,1.0,183.38989242197843,119.06817668027205,159.67302759859467
6300,0.1,109.91943899735956,72.51764142857141,97.24774229391365
6300,0.2,115.49386361557372,76.19528142857146,102.17953792218245
6300,0.3,121.86463460781839,80.3982985714286,107.81587578306102
6300,0.4,134.51061502742397,88.74128759999998,119.00400643690489
6300,0.5,143.68452525625634,94.79363228571432,127.1203329565701
6300,0.6,155.0244976224517,102.27500279999994,137.1530143489338
6300,0.7,164.45323869097388,108.49546817142858,145.49479438303416
6300,0.8,172.03445617174503,113.49705857142858,152.20203643747965
6300,0.9,178.13446939681933,117.52144748571432,157.5988299392709
6300,1.0,182.62586294635167,120.48457457142851,161.57244813119016
6400,0.1,108.46896580722135,72.69659863945581,97.4877278254738
6400,0.2,114.04339042543542,76.43261387755103,102.49780592403249
6400,0.3,120.41416141768012,80.70234557823134,108.2236094652425
6400,0.4,133.26719189453368,89.31652928435376,119.77541810963358
6400,0.5,142.47295597832706,95.48629159183665,128.04920422668184
6400,0.6,154.0359053292512,103.2358546285714,138.441537653978
6400,0.7,163.5681714263973,109.62444068571428,147.00877120251343
6400,0.8,171.1812427621297,114.72677006802722,153.85110643425938
6400,0.9,177.29718291468436,118.82571250068014,159.34787783382075
6400,1.0,181.85228417413933,121.87857066666655,163.44182736578588
6500,0.1,107.00894332049752,72.83867721088436,97.67825829540614
6500,0.2,112.58336793871165,76.63306768707486,102.76661886425487
6500,0.3,118.95413893095635,80.96951394557829,108.58188808579628
6500,0.4,132.01421946505783,89.8592287755102,120.50318998995601
6500,0.5,141.25183740381254,96.14707585034012,128.93533036119098
6500,0.6,153.0377637394651,104.16950142857137,139.69357842104247
6500,0.7,162.6735548652352,110.72837639455778,148.4891731186238
6500,0.8,170.31848005592886,115.93211190476194,155.46749618447356
6500,0.9,176.4503471359642,120.10594142857134,161.06469281020696
6500,1.0,181.0691561053416,123.24986496598633,165.2807629958245
6600,0.1,105.5393715371882,72.94357714285712,97.81893139715316
6600,0.2,111.1137961554023,76.79634285714285,102.98557443629187
6600,0.3,117.48456714764703,81.19950367346942,108.89030933816471
6600,0.4,130.75169773899648,90.3690860734694,121.18691977131473
6600,0.5,140.02116953271252,96.77568506122454,129.77830905353966
6600,0.6,152.03007285309357,105.07564319999996,140.90873434356973
6600,0.7,161.76938900748766,111.80697529795918,149.93559782480781
6600,0.8,169.4461680531425,117.11278408163267,157.05080338156452
6600,0.9,175.59396206065855,121.36183426938774,162.7488725618717
6600,1.0,180.27647873995835,124.59815746938773,167.08885271474819
6700,0.1,104.06025045729342,73.01099843537415,97.90934482415736
6700,0.2,109.6346750755076,76.92213938775518,103.15427033358613
6700,0.3,116.00544606775222,81.39201476190479,109.14847091579024
6700,0.4,129.47962671634966,90.84580117823133,121.8262051471521
6700,0.5,138.78095236502682,97.3718192244898,130.57773799717015
6700,0.6,151.01283267013642,105.95397994285705,142.08660311500205
6700,0.7,160.85567385315449,112.85993739591831,151.34764301450758
6700,0.8,168.56430675377058,118.26848659863946,158.60062571897473
6700,0.9,174.72802768876718,122.59309102312916,164.40001478225716
6700,1.0,179.47425207798955,125.92314817687073,168.86569421599935
6800,0.1,102.57158008081305,73.04064108843534,97.94909626986099
6800,0.2,108.14600469902717,77.01015727891158,103.27230424957968
6800,0.3,114.51677569127202,81.54674721088448,109.35597051211543
6800,0.4,128.1980063971173,91.28907408979596,122.42064381091049
6800,0.5,137.53118590075556,97.93517834013599,131.333214885525
6800,0.6,149.98604319059402,106.80421165714289,143.2267824287822
6800,0.7,159.93240940223592,113.88696268843535,152.7249063811658
6800,0.8,167.67289615781328,119.39891945578235,160.11656089014664
6800,0.9,173.85254402029037,123.79941168979582,166.01771716480596
6800,1.0,178.6624761194352,127.22453708843535,170.61088519302047
6900,0.1,101.07336040774729,73.03220510204083,97.93778342770663
6900,0.2,106.64778502596138,77.06009653061228,103.33927387771527
6900,0.3,113.01855601820614,81.66340102040827,109.51240582058236
6900,0.4,126.90683678129935,91.69860480816327,122.96983345603226
6900,0.5,136.27187013989902,98.46546240816328,132.04433741204676
6900,0.6,148.9497044144658,107.62603834285709,144.328869978352
6900,0.7,158.9995956547318,114.8877511755102,154.06698561822475
6900,0.8,166.7719362652703,120.50378265306122,161.5982065885225
6900,0.9,172.96751105522824,124.98049626938776,167.60157740296066
6900,1.0,177.84115086429549,128.50202420408172,172.32402333925398
7000,0.1,99.56559143809594,72.9853904761905,97.87500399113651
7000,0.2,105.14001605631,77.07165714285715,103.35477691143508
7000,0.3,111.51078704855476,81.74167619047627,109.61737453463358
7000,0.4,125.60611786889595,92.07409333333332,123.47337177595993
7000,0.5,135.00300508245687,98.96237142857146,132.71070327017762
7000,0.6,147.9038163417522,108.41915999999995,145.39246345715426
7000,0.7,158.0572326106421,115.86200285714281,155.37347841912674
7000,0.8,165.86142707614184,121.58277619047617,163.0451605075448
7000,0.9,172.07292879358025,126.13604476190461,169.15119319016307
7000,1.0,177.01027631257006,129.75530952380953,174.00470634814207
